"area_id","display_name","ground_top","ground_bottom","path_color","world_h_pct","background_asset","stage_map_id","note","is_spawn"
"area_i21","무지개섬 · 부두","#16202e","#26303f","#3a4557","497","/ui/journey/sector_i21_before.png","map_1","1km섬 · after파생 before · docs/gdd/43","TRUE"
"area_i20","무지개섬 · 남서","#16202e","#26303f","#3a4557","100","/ui/journey/journey_tile_i20_before.png","map_1","바다칸 · 아트 미제작",""
"area_i22","무지개섬 · 남동","#16202e","#26303f","#3a4557","100","/ui/journey/journey_tile_i22_before.png","map_1","바다칸 · 아트 미제작",""
"area_i10","무지개섬 · 서부","#241c14","#3a2f22","#4d4030","497","/ui/journey/sector_i10_before.png","map_1","1km섬 · after파생 before",""
"area_i11","무지개섬 · 중앙","#1a2420","#2a3830","#3a5048","497","/ui/journey/sector_i11_before.png","map_1","1km섬 · after파생 before",""
"area_i12","무지개섬 · 동부","#132a2e","#22383a","#335054","497","/ui/journey/sector_i12_before.png","map_1","1km섬 · after파생 before",""
"area_i00","무지개섬 · 북서","#2a1424","#3d2038","#523049","100","/ui/journey/journey_tile_i00_before.png","map_1","바다칸 · 아트 미제작",""
"area_i01","무지개섬 · 북부","#2a1424","#3d2038","#523049","497","/ui/journey/sector_i01_before.png","map_1","1km섬 · after파생 before",""
"area_i02","무지개섬 · 북동","#2a1424","#3d2038","#523049","100","/ui/journey/journey_tile_i02_before.png","map_1","바다칸 · 아트 미제작",""
